request_id,strategy,scenario,chosen_split,t_start_ms,t_end_ms,latency_ms,front_ms,http_ms,server_compute_ms,bytes_up,bytes_down,deadline_ms,missed_deadline,switched,cpu_percent
0,reliability_dynamic,stable_local,layer2,1775746187114.229,1775746187722.597,608.368,17.004,588.359,415.650,402985,5545,200.0,1,0,20.6
1,reliability_dynamic,stable_local,layer2,1775746187730.365,1775746188235.106,504.741,11.998,490.735,320.897,402985,5545,200.0,1,0,31.1
2,reliability_dynamic,stable_local,layer2,1775746188241.702,1775746188838.307,596.605,11.999,582.722,474.246,402985,5545,200.0,1,0,25.1
3,reliability_dynamic,stable_local,layer2,1775746188843.145,1775746189260.123,416.978,12.002,403.973,321.581,402985,5545,200.0,1,0,42.6
4,reliability_dynamic,stable_local,layer2,1775746189267.113,1775746189510.174,243.061,10.998,231.063,164.453,402985,5545,200.0,1,0,61.0
5,reliability_dynamic,stable_local,layer2,1775746189512.179,1775746189752.459,240.281,7.999,230.266,165.495,402985,5545,200.0,1,0,60.7
6,reliability_dynamic,stable_local,layer2,1775746189754.458,1775746189996.446,241.988,7.999,233.989,156.594,402985,5545,200.0,1,0,64.0
7,reliability_dynamic,stable_local,layer2,1775746189999.340,1775746190247.931,248.592,10.508,237.102,158.473,402985,5545,200.0,1,0,58.4
8,reliability_dynamic,stable_local,layer2,1775746190249.932,1775746190506.455,256.523,7.999,246.304,164.396,402985,5545,200.0,1,0,59.3
9,reliability_dynamic,stable_local,layer2,1775746190510.957,1775746190766.067,255.111,12.006,242.107,161.238,402985,5545,200.0,1,0,55.8
10,reliability_dynamic,stable_local,layer2,1775746190768.068,1775746191008.048,239.980,8.999,229.978,156.727,402985,5545,200.0,1,0,61.8
11,reliability_dynamic,stable_local,layer2,1775746191011.566,1775746191273.448,261.881,17.997,241.889,156.406,402985,5545,200.0,1,0,59.6
12,reliability_dynamic,stable_local,layer2,1775746191276.449,1775746191533.957,257.508,9.996,246.511,167.285,402985,5545,200.0,1,0,53.8
13,reliability_dynamic,stable_local,layer2,1775746191539.956,1775746191830.278,290.322,31.016,255.320,165.372,402985,5545,200.0,1,0,58.6
14,reliability_dynamic,stable_local,layer2,1775746191836.264,1775746192103.157,266.893,26.002,238.891,169.870,402985,5545,200.0,1,0,61.4
15,reliability_dynamic,stable_local,layer2,1775746192106.146,1775746192382.843,276.697,7.996,267.701,158.067,402985,5545,200.0,1,0,51.6
16,reliability_dynamic,stable_local,layer2,1775746192385.751,1775746192626.379,240.627,7.998,231.626,155.641,402985,5545,200.0,1,0,57.5
17,reliability_dynamic,stable_local,layer2,1775746192628.334,1775746192853.191,224.857,7.995,215.862,154.534,402985,5545,200.0,1,0,65.7
18,reliability_dynamic,stable_local,layer2,1775746192857.036,1775746193107.014,249.978,7.997,240.969,166.034,402985,5545,200.0,1,0,55.0
19,reliability_dynamic,stable_local,layer2,1775746193109.001,1775746193365.630,256.629,7.999,248.630,163.038,402985,5545,200.0,1,0,59.4
20,reliability_dynamic,stable_local,layer2,1775746193368.550,1775746193597.976,229.426,7.961,221.465,148.281,402985,5545,200.0,1,0,66.8
21,reliability_dynamic,stable_local,layer2,1775746193600.982,1775746193839.300,238.317,8.003,229.009,156.271,402985,5545,200.0,1,0,61.4
22,reliability_dynamic,stable_local,layer2,1775746193843.229,1775746194090.488,247.259,8.004,237.247,158.613,402985,5545,200.0,1,0,58.6
23,reliability_dynamic,stable_local,layer2,1775746194092.487,1775746194343.048,250.561,7.999,240.608,162.198,402985,5545,200.0,1,0,54.7
24,reliability_dynamic,stable_local,layer2,1775746194345.951,1775746194577.517,231.565,11.001,218.531,157.042,402985,5545,200.0,1,0,74.0
25,reliability_dynamic,stable_local,layer2,1775746194584.509,1775746194847.734,263.226,21.004,241.236,154.197,402985,5545,200.0,1,0,62.7
26,reliability_dynamic,stable_local,layer2,1775746194849.734,1775746195084.886,235.152,8.000,226.167,161.282,402985,5545,200.0,1,0,64.1
27,reliability_dynamic,stable_local,layer2,1775746195086.883,1775746195318.766,231.883,9.001,222.882,157.907,402985,5545,200.0,1,0,65.4
28,reliability_dynamic,stable_local,layer2,1775746195321.089,1775746195560.430,239.341,8.489,229.854,151.052,402985,5545,200.0,1,0,62.0
29,reliability_dynamic,stable_local,layer2,1775746195564.237,1775746195791.119,226.882,8.001,218.881,155.556,402985,5545,200.0,1,0,60.2
30,reliability_dynamic,stable_local,layer4,1775746195794.000,1775746195953.017,159.017,20.996,138.021,75.156,101929,5545,200.0,0,1,63.8
31,reliability_dynamic,stable_local,layer4,1775746195956.017,1775746196108.594,152.577,14.998,135.637,74.511,101929,5545,200.0,0,0,69.4
32,reliability_dynamic,stable_local,layer4,1775746196111.589,1775746196272.229,160.640,16.463,144.178,78.738,101929,5545,200.0,0,0,69.4
33,reliability_dynamic,stable_local,layer4,1775746196275.227,1775746196436.023,160.795,16.000,143.796,78.926,101929,5545,200.0,0,0,70.6
34,reliability_dynamic,stable_local,layer4,1775746196439.019,1775746196594.315,155.296,15.600,139.696,76.589,101929,5545,200.0,0,0,69.4
35,reliability_dynamic,stable_local,layer4,1775746196598.253,1775746196752.530,154.277,16.097,138.180,75.186,101929,5545,200.0,0,0,70.4
36,reliability_dynamic,stable_local,layer4,1775746196756.468,1775746196941.446,184.978,16.068,168.909,79.790,101929,5545,200.0,0,0,70.1
37,reliability_dynamic,stable_local,layer4,1775746196945.443,1775746197108.501,163.058,14.547,146.509,79.671,101929,5545,200.0,0,0,72.7
38,reliability_dynamic,stable_local,layer4,1775746197112.500,1775746197292.526,180.026,21.004,158.023,73.930,101929,5545,200.0,0,0,70.5
39,reliability_dynamic,stable_local,layer4,1775746197295.527,1775746197446.168,150.641,15.000,134.577,73.458,101929,5545,200.0,0,0,71.2
40,reliability_dynamic,stable_local,layer4,1775746197449.625,1775746197601.569,151.945,17.065,134.879,73.442,101929,5545,200.0,0,0,69.4
41,reliability_dynamic,stable_local,layer4,1775746197603.623,1775746197761.731,158.108,17.949,138.157,75.929,101929,5545,200.0,0,0,71.2
42,reliability_dynamic,stable_local,layer4,1775746197766.528,1775746197997.104,230.576,20.162,210.414,146.657,101929,5545,200.0,1,0,73.5
43,reliability_dynamic,stable_local,layer4,1775746197999.313,1775746198166.123,166.809,17.792,148.019,75.136,101929,5545,200.0,0,0,70.1
44,reliability_dynamic,stable_local,layer4,1775746198169.121,1775746198335.635,166.513,15.007,150.510,73.432,101929,5545,200.0,0,0,73.9
45,reliability_dynamic,stable_local,layer4,1775746198338.634,1775746198497.650,159.016,16.511,142.505,77.300,101929,5545,200.0,0,0,71.8
46,reliability_dynamic,stable_local,layer4,1775746198500.107,1775746198667.668,167.561,15.546,151.015,78.056,101929,5545,200.0,0,0,72.4
47,reliability_dynamic,stable_local,layer4,1775746198671.668,1775746198831.178,159.510,18.002,141.508,76.948,101929,5545,200.0,0,0,79.4
48,reliability_dynamic,stable_local,layer4,1775746198834.180,1775746198997.925,163.745,17.237,145.506,79.842,101929,5545,200.0,0,0,77.0
49,reliability_dynamic,stable_local,layer4,1775746199000.926,1775746199153.813,152.887,17.002,135.885,74.161,101929,5545,200.0,0,0,78.8
50,reliability_dynamic,stable_local,layer4,1775746199156.813,1775746199351.840,195.027,45.003,149.023,80.881,101929,5545,200.0,0,0,94.4
51,reliability_dynamic,stable_local,layer4,1775746199354.842,1775746199507.344,152.503,15.005,136.501,75.097,101929,5545,200.0,0,0,73.5
52,reliability_dynamic,stable_local,layer4,1775746199510.347,1775746199664.361,154.013,14.999,138.015,76.237,101929,5545,200.0,0,0,77.7
53,reliability_dynamic,stable_local,layer4,1775746199667.361,1775746199827.873,160.512,16.003,142.508,78.726,101929,5545,200.0,0,0,70.7
54,reliability_dynamic,stable_local,layer4,1775746199830.872,1775746199988.891,158.019,16.004,142.016,77.241,101929,5545,200.0,0,0,75.0
55,reliability_dynamic,stable_local,layer4,1775746199991.891,1775746200146.404,154.513,18.001,135.507,73.958,101929,5545,200.0,0,0,76.9
56,reliability_dynamic,stable_local,layer4,1775746200148.399,1775746200318.427,170.027,16.517,152.506,75.512,101929,5545,200.0,0,0,77.3
57,reliability_dynamic,stable_local,layer4,1775746200321.426,1775746200502.453,181.027,15.015,166.012,79.993,101929,5545,200.0,0,0,76.2
58,reliability_dynamic,stable_local,layer4,1775746200506.453,1775746200658.475,152.022,15.001,135.021,74.606,101929,5545,200.0,0,0,73.1
59,reliability_dynamic,stable_local,layer4,1775746200661.476,1775746200816.984,155.508,15.999,137.510,76.262,101929,5545,200.0,0,0,70.6
60,reliability_dynamic,stable_local,layer4,1775746200819.986,1775746200995.005,175.019,15.002,159.010,81.962,101929,5545,200.0,0,0,69.8
61,reliability_dynamic,stable_local,layer4,1775746200998.006,1775746201157.020,159.013,18.136,139.013,76.206,101929,5545,200.0,0,0,71.9
62,reliability_dynamic,stable_local,layer4,1775746201160.019,1775746201337.534,177.515,16.001,160.510,78.823,101929,5545,200.0,0,0,69.3
63,reliability_dynamic,stable_local,layer4,1775746201340.532,1775746201514.550,174.018,15.510,158.508,74.773,101929,5545,200.0,0,0,70.5
64,reliability_dynamic,stable_local,layer4,1775746201517.553,1775746201670.572,153.019,16.001,136.018,74.994,101929,5545,200.0,0,0,69.6
65,reliability_dynamic,stable_local,layer4,1775746201673.573,1775746201832.081,158.508,15.002,142.507,78.095,101929,5545,200.0,0,0,69.1
66,reliability_dynamic,stable_local,layer4,1775746201836.083,1775746201998.150,162.067,15.562,145.508,80.040,101929,5545,200.0,0,0,69.9
67,reliability_dynamic,stable_local,layer4,1775746202001.150,1775746202151.173,150.024,16.001,134.022,72.903,101929,5545,200.0,0,0,71.7
68,reliability_dynamic,stable_local,layer4,1775746202154.173,1775746202327.683,173.510,15.030,157.477,75.365,101929,5545,200.0,0,0,69.1
69,reliability_dynamic,stable_local,layer4,1775746202329.680,1775746202502.704,173.023,16.012,157.011,79.217,101929,5545,200.0,0,0,71.2
70,reliability_dynamic,stable_local,layer4,1775746202505.703,1775746202667.322,161.618,17.009,144.609,79.536,101929,5545,200.0,0,0,69.3
71,reliability_dynamic,stable_local,layer4,1775746202670.322,1775746202822.013,151.691,16.002,135.689,72.899,101929,5545,200.0,0,0,75.6
72,reliability_dynamic,stable_local,layer4,1775746202824.829,1775746202993.848,169.019,16.008,151.284,74.839,101929,5545,200.0,0,0,71.4
73,reliability_dynamic,stable_local,layer4,1775746202996.848,1775746203160.886,164.038,18.002,145.038,79.781,101929,5545,200.0,0,0,77.0
74,reliability_dynamic,stable_local,layer4,1775746203164.885,1775746203329.393,164.507,18.000,145.507,80.216,101929,5545,200.0,0,0,74.3
75,reliability_dynamic,stable_local,layer4,1775746203332.392,1775746203495.408,163.016,17.007,145.012,78.945,101929,5545,200.0,0,0,70.9
76,reliability_dynamic,stable_local,layer4,1775746203498.408,1775746203714.426,216.018,15.001,198.016,77.710,101929,5545,200.0,1,0,69.6
77,reliability_dynamic,stable_local,layer4,1775746203717.748,1775746203886.444,168.697,15.680,153.017,75.227,101929,5545,200.0,0,0,70.9
78,reliability_dynamic,stable_local,layer4,1775746203889.446,1775746204046.955,157.509,19.034,138.475,75.220,101929,5545,200.0,0,0,68.3
79,reliability_dynamic,stable_local,layer4,1775746204048.955,1775746204207.968,159.014,16.507,141.508,76.918,101929,5545,200.0,0,0,69.4
80,reliability_dynamic,stable_local,layer4,1775746204210.971,1775746204373.986,163.016,17.002,145.017,79.702,101929,5545,200.0,0,0,72.3
81,reliability_dynamic,stable_local,layer4,1775746204376.988,1775746204527.492,150.504,15.003,133.501,73.169,101929,5545,200.0,0,0,69.8
82,reliability_dynamic,stable_local,layer4,1775746204530.494,1775746204686.674,156.180,16.160,139.016,76.345,101929,5545,200.0,0,0,70.4
83,reliability_dynamic,stable_local,layer4,1775746204688.671,1775746204863.688,175.018,16.002,158.013,79.639,101929,5545,200.0,0,0,69.9
84,reliability_dynamic,stable_local,layer4,1775746204866.688,1775746205025.197,158.509,16.001,141.508,77.496,101929,5545,200.0,0,0,70.3
85,reliability_dynamic,stable_local,layer4,1775746205028.199,1775746205178.217,150.018,15.007,134.015,73.019,101929,5545,200.0,0,0,69.0
86,reliability_dynamic,stable_local,layer4,1775746205181.217,1775746205358.232,177.015,16.003,160.012,77.056,101929,5545,200.0,0,0,69.8
87,reliability_dynamic,stable_local,layer4,1775746205360.231,1775746205522.740,162.510,17.005,145.505,79.813,101929,5545,200.0,0,0,70.4
88,reliability_dynamic,stable_local,layer4,1775746205525.739,1775746205704.756,179.017,15.007,164.010,80.264,101929,5545,200.0,0,0,74.1
89,reliability_dynamic,stable_local,layer4,1775746205707.756,1775746205882.775,175.019,16.001,159.018,73.854,101929,5545,200.0,0,0,74.1
90,reliability_dynamic,stable_local,layer4,1775746205886.777,1775746206055.795,169.018,16.000,152.017,74.610,101929,5545,200.0,0,0,72.2
91,reliability_dynamic,stable_local,layer4,1775746206058.794,1775746206209.264,150.470,15.003,135.467,73.497,101929,5545,200.0,0,0,71.2
92,reliability_dynamic,stable_local,layer4,1775746206213.271,1775746206366.266,152.995,14.999,137.997,75.528,101929,5545,200.0,0,0,70.6
93,reliability_dynamic,stable_local,layer4,1775746206369.265,1775746206530.774,161.509,16.002,144.505,79.746,101929,5545,200.0,0,0,73.3
94,reliability_dynamic,stable_local,layer4,1775746206533.774,1775746206690.797,157.023,16.005,140.015,78.495,101929,5545,200.0,0,0,70.2
95,reliability_dynamic,stable_local,layer4,1775746206693.797,1775746206852.338,158.541,15.001,143.540,76.277,101929,5545,200.0,0,0,73.7
96,reliability_dynamic,stable_local,layer4,1775746206856.327,1775746207031.834,175.507,15.003,158.934,80.735,101929,5545,200.0,0,0,77.0
97,reliability_dynamic,stable_local,layer4,1775746207035.833,1775746207202.861,167.028,20.517,145.507,80.087,101929,5545,200.0,0,0,74.6
98,reliability_dynamic,stable_local,layer4,1775746207205.861,1775746207354.876,149.015,13.997,135.018,73.400,101929,5545,200.0,0,0,71.7
99,reliability_dynamic,stable_local,layer4,1775746207357.882,1775746207537.336,179.454,16.000,161.453,75.329,101929,5545,200.0,0,0,69.1
100,reliability_dynamic,stable_local,layer4,1775746207540.333,1775746207710.352,170.019,15.508,154.511,77.164,101929,5545,200.0,0,0,71.0
101,reliability_dynamic,stable_local,layer4,1775746207714.353,1775746207874.366,160.013,16.019,143.994,78.867,101929,5545,200.0,0,0,69.9
102,reliability_dynamic,stable_local,layer4,1775746207878.367,1775746208048.884,170.517,16.031,154.486,81.280,101929,5545,200.0,0,0,80.9
103,reliability_dynamic,stable_local,layer4,1775746208053.397,1775746208231.915,178.517,36.999,139.514,75.788,101929,5545,200.0,0,0,89.1
104,reliability_dynamic,stable_local,layer4,1775746208234.911,1775746208394.934,160.023,14.010,144.014,80.269,101929,5545,200.0,0,0,70.4
105,reliability_dynamic,stable_local,layer4,1775746208397.933,1775746208587.947,190.014,21.000,169.014,79.701,101929,5545,200.0,0,0,70.3
106,reliability_dynamic,stable_local,layer4,1775746208591.948,1775746208744.458,152.510,15.999,135.508,74.912,101929,5545,200.0,0,0,71.0
107,reliability_dynamic,stable_local,layer4,1775746208746.632,1775746208899.472,152.840,16.335,134.504,73.436,101929,5545,200.0,0,0,71.9
108,reliability_dynamic,stable_local,layer4,1775746208902.472,1775746209084.494,182.022,16.000,165.017,79.135,101929,5545,200.0,0,0,68.9
109,reliability_dynamic,stable_local,layer4,1775746209087.490,1775746209245.006,157.515,16.001,140.512,77.194,101929,5545,200.0,0,0,71.0
110,reliability_dynamic,stable_local,layer4,1775746209248.008,1775746209468.667,220.660,15.520,204.144,77.005,101929,5545,200.0,1,0,69.6
111,reliability_dynamic,stable_local,layer4,1775746209472.677,1775746209642.315,169.637,16.000,152.637,75.805,101929,5545,200.0,0,0,70.6
112,reliability_dynamic,stable_local,layer4,1775746209645.255,1775746209811.411,166.156,15.714,150.442,83.614,101929,5545,200.0,0,0,70.1
113,reliability_dynamic,stable_local,layer4,1775746209813.413,1775746209987.626,174.213,16.176,157.004,78.360,101929,5545,200.0,0,0,71.6
114,reliability_dynamic,stable_local,layer4,1775746209990.625,1775746210155.796,165.170,17.068,146.098,75.485,101929,5545,200.0,0,0,71.0
115,reliability_dynamic,stable_local,layer4,1775746210158.880,1775746210326.431,167.552,14.982,152.569,74.869,101929,5545,200.0,0,0,69.9
116,reliability_dynamic,stable_local,layer4,1775746210330.435,1775746210488.466,158.031,16.005,141.026,77.102,101929,5545,200.0,0,0,70.4
117,reliability_dynamic,stable_local,layer4,1775746210492.467,1775746210673.382,180.915,16.001,164.914,77.735,101929,5545,200.0,0,0,69.4
118,reliability_dynamic,stable_local,layer4,1775746210676.386,1775746210827.231,150.845,15.998,132.913,73.701,101929,5545,200.0,0,0,70.0
119,reliability_dynamic,stable_local,layer4,1775746210829.231,1775746210994.873,165.642,17.234,148.408,74.363,101929,5545,200.0,0,0,74.4
120,reliability_dynamic,stable_local,layer4,1775746210997.940,1775746211150.576,152.636,14.932,137.704,75.581,101929,5545,200.0,0,0,75.0
121,reliability_dynamic,stable_local,layer4,1775746211154.087,1775746211312.027,157.939,15.998,141.942,77.583,101929,5545,200.0,0,0,71.2
122,reliability_dynamic,stable_local,layer4,1775746211315.046,1775746211495.093,180.047,18.003,161.040,79.268,101929,5545,200.0,0,0,71.1
123,reliability_dynamic,stable_local,layer4,1775746211498.150,1775746211662.226,164.076,15.996,146.066,74.651,101929,5545,200.0,0,0,68.5
124,reliability_dynamic,stable_local,layer4,1775746211664.167,1775746211835.875,171.708,15.998,154.710,77.804,101929,5545,200.0,0,0,69.9
125,reliability_dynamic,stable_local,layer4,1775746211838.950,1775746212003.127,164.177,16.448,147.730,75.055,101929,5545,200.0,0,0,71.0
126,reliability_dynamic,stable_local,layer4,1775746212007.043,1775746212172.267,165.225,15.060,150.165,74.072,101929,5545,200.0,0,0,69.9
127,reliability_dynamic,stable_local,layer4,1775746212176.333,1775746212335.996,159.663,14.938,143.727,78.933,101929,5545,200.0,0,0,71.2
128,reliability_dynamic,stable_local,layer4,1775746212340.062,1775746212523.940,183.879,15.197,166.683,79.219,101929,5545,200.0,0,0,70.0
129,reliability_dynamic,stable_local,layer4,1775746212527.005,1775746212689.947,162.942,14.608,147.337,74.545,101929,5545,200.0,0,0,71.1
130,reliability_dynamic,stable_local,layer4,1775746212693.009,1775746212846.610,153.601,15.941,136.660,74.899,101929,5545,200.0,0,0,70.0
131,reliability_dynamic,stable_local,layer4,1775746212848.611,1775746213010.533,161.922,15.633,145.350,80.090,101929,5545,200.0,0,0,70.3
132,reliability_dynamic,stable_local,layer4,1775746213013.532,1775746213192.869,179.337,16.000,162.338,78.140,101929,5545,200.0,0,0,70.1
133,reliability_dynamic,stable_local,layer4,1775746213195.808,1775746213351.678,155.870,16.041,139.830,76.219,101929,5545,200.0,0,0,70.6
134,reliability_dynamic,stable_local,layer4,1775746213353.625,1775746213532.841,179.217,16.554,161.662,76.071,101929,5545,200.0,0,0,70.1
135,reliability_dynamic,stable_local,layer4,1775746213534.844,1775746213706.742,171.898,16.126,154.771,78.040,101929,5545,200.0,0,0,69.3
136,reliability_dynamic,stable_local,layer4,1775746213709.743,1775746213870.715,160.972,18.998,141.974,77.995,101929,5545,200.0,0,0,71.8
137,reliability_dynamic,stable_local,layer4,1775746213873.716,1775746214028.294,154.579,18.109,135.469,73.297,101929,5545,200.0,0,0,72.7
138,reliability_dynamic,stable_local,layer4,1775746214031.359,1775746214196.968,165.608,16.008,148.603,73.506,101929,5545,200.0,0,0,81.4
139,reliability_dynamic,stable_local,layer4,1775746214199.970,1775746214359.065,159.094,16.997,142.097,77.597,101929,5545,200.0,0,0,77.0
140,reliability_dynamic,stable_local,layer4,1775746214362.001,1775746214525.575,163.574,16.999,145.511,81.252,101929,5545,200.0,0,0,76.1
141,reliability_dynamic,stable_local,layer4,1775746214528.516,1775746214689.377,160.861,16.013,144.848,79.329,101929,5545,200.0,0,0,75.3
142,reliability_dynamic,stable_local,layer4,1775746214692.363,1775746214852.012,159.649,16.999,141.651,78.216,101929,5545,200.0,0,0,71.2
143,reliability_dynamic,stable_local,layer4,1775746214855.023,1775746215024.278,169.255,15.126,154.128,75.686,101929,5545,200.0,0,0,72.4
144,reliability_dynamic,stable_local,layer4,1775746215027.255,1775746215226.422,199.167,16.008,180.090,74.627,101929,5545,200.0,0,0,70.4
145,reliability_dynamic,stable_local,layer4,1775746215230.399,1775746215403.677,173.279,15.894,157.384,80.716,101929,5545,200.0,0,0,71.6
146,reliability_dynamic,stable_local,layer4,1775746215406.615,1775746215569.824,163.208,17.035,146.174,79.568,101929,5545,200.0,0,0,71.0
147,reliability_dynamic,stable_local,layer4,1775746215572.826,1775746215728.277,155.451,16.938,138.513,75.914,101929,5545,200.0,0,0,75.0
148,reliability_dynamic,stable_local,layer4,1775746215732.276,1775746215885.946,153.669,18.007,134.663,74.114,101929,5545,200.0,0,0,74.7
149,reliability_dynamic,stable_local,layer4,1775746215888.948,1775746216049.682,160.733,16.001,142.731,80.124,101929,5545,200.0,0,0,71.6
150,reliability_dynamic,stable_local,layer4,1775746216052.620,1775746216212.503,159.883,16.513,143.370,79.328,101929,5545,200.0,0,0,71.3
151,reliability_dynamic,stable_local,layer4,1775746216216.509,1775746216386.116,169.608,17.075,151.547,77.689,101929,5545,200.0,0,0,72.3
152,reliability_dynamic,stable_local,layer4,1775746216389.119,1775746216543.827,154.708,17.997,136.711,75.076,101929,5545,200.0,0,0,71.7
153,reliability_dynamic,stable_local,layer4,1775746216546.831,1775746216731.953,185.122,15.451,167.628,81.121,101929,5545,200.0,0,0,68.9
154,reliability_dynamic,stable_local,layer4,1775746216735.058,1775746216898.519,163.461,16.898,145.612,80.517,101929,5545,200.0,0,0,80.6
155,reliability_dynamic,stable_local,layer4,1775746216901.415,1775746217078.682,177.267,18.044,158.221,73.340,101929,5545,200.0,0,0,69.3
156,reliability_dynamic,stable_local,layer4,1775746217081.687,1775746217253.354,171.667,17.931,151.659,74.683,101929,5545,200.0,0,0,71.6
157,reliability_dynamic,stable_local,layer4,1775746217256.305,1775746217413.795,157.490,18.578,137.974,75.663,101929,5545,200.0,0,0,71.2
158,reliability_dynamic,stable_local,layer4,1775746217416.792,1775746217568.511,151.719,16.041,134.684,73.704,101929,5545,200.0,0,0,72.8
159,reliability_dynamic,stable_local,layer4,1775746217572.575,1775746217737.292,164.717,17.988,145.703,80.914,101929,5545,200.0,0,0,71.0
160,reliability_dynamic,stable_local,layer4,1775746217740.296,1775746217923.461,183.166,16.976,166.189,78.854,101929,5545,200.0,0,0,69.8
161,reliability_dynamic,stable_local,layer4,1775746217926.461,1775746218080.870,154.409,16.016,138.392,75.664,101929,5545,200.0,0,0,70.0
162,reliability_dynamic,stable_local,layer4,1775746218084.871,1775746218259.494,174.624,17.999,156.625,73.713,101929,5545,200.0,0,0,70.5
163,reliability_dynamic,stable_local,layer4,1775746218263.022,1775746218421.743,158.721,16.009,141.714,78.197,101929,5545,200.0,0,0,69.8
164,reliability_dynamic,stable_local,layer4,1775746218424.748,1775746218584.758,160.009,16.982,143.027,78.931,101929,5545,200.0,0,0,70.4
165,reliability_dynamic,stable_local,layer4,1775746218587.754,1775746218739.463,151.709,16.192,134.466,73.794,101929,5545,200.0,0,0,75.3
166,reliability_dynamic,stable_local,layer4,1775746218742.463,1775746218913.734,171.272,17.054,153.153,73.378,101929,5545,200.0,0,0,74.3
167,reliability_dynamic,stable_local,layer4,1775746218916.667,1775746219075.792,159.124,15.038,142.146,78.839,101929,5545,200.0,0,0,70.5
168,reliability_dynamic,stable_local,layer4,1775746219078.855,1775746219260.623,181.768,16.977,163.791,78.634,101929,5545,200.0,0,0,70.0
169,reliability_dynamic,stable_local,layer4,1775746219264.134,1775746219415.770,151.635,17.050,133.584,73.004,101929,5545,200.0,0,0,71.9
170,reliability_dynamic,stable_local,layer4,1775746219418.771,1775746219569.821,151.050,16.000,135.049,74.574,101929,5545,200.0,0,0,68.9
171,reliability_dynamic,stable_local,layer4,1775746219572.821,1775746219735.397,162.577,17.000,145.577,79.627,101929,5545,200.0,0,0,71.3
172,reliability_dynamic,stable_local,layer4,1775746219738.396,1775746219897.563,159.167,16.136,141.092,77.672,101929,5545,200.0,0,0,68.5
173,reliability_dynamic,stable_local,layer4,1775746219900.560,1775746220077.715,177.155,18.004,157.195,80.258,101929,5545,200.0,0,0,71.4
174,reliability_dynamic,stable_local,layer4,1775746220080.713,1775746220262.778,182.065,17.037,165.028,79.250,101929,5545,200.0,0,0,69.4
175,reliability_dynamic,stable_local,layer4,1775746220265.784,1775746220446.203,180.419,18.136,161.282,76.897,101929,5545,200.0,0,0,72.3
176,reliability_dynamic,stable_local,layer4,1775746220449.295,1775746220626.459,177.164,15.645,159.528,74.206,101929,5545,200.0,0,0,68.0
177,reliability_dynamic,stable_local,layer4,1775746220629.408,1775746220800.429,171.021,16.051,154.970,77.486,101929,5545,200.0,0,0,70.9
178,reliability_dynamic,stable_local,layer4,1775746220804.430,1775746221029.760,225.330,15.042,208.279,132.466,101929,5545,200.0,1,0,68.7
179,reliability_dynamic,stable_local,layer4,1775746221032.745,1775746221202.059,169.314,16.009,153.305,73.500,101929,5545,200.0,0,0,65.6
180,reliability_dynamic,stable_local,layer4,1775746221206.057,1775746221375.171,169.114,16.001,153.113,76.446,101929,5545,200.0,0,0,69.3
181,reliability_dynamic,stable_local,layer4,1775746221378.174,1775746221541.729,163.555,17.997,143.548,79.247,101929,5545,200.0,0,0,68.8
182,reliability_dynamic,stable_local,layer4,1775746221544.681,1775746221709.016,164.334,18.050,145.285,80.386,101929,5545,200.0,0,0,69.8
183,reliability_dynamic,stable_local,layer4,1775746221712.021,1775746221867.216,155.194,17.014,138.180,76.297,101929,5545,200.0,0,0,72.8
184,reliability_dynamic,stable_local,layer4,1775746221871.250,1775746222024.782,153.532,15.968,136.545,74.333,101929,5545,200.0,0,0,69.3
185,reliability_dynamic,stable_local,layer4,1775746222027.797,1775746222203.972,176.175,16.925,158.251,78.034,101929,5545,200.0,0,0,68.5
186,reliability_dynamic,stable_local,layer4,1775746222207.927,1775746222392.179,184.251,17.000,167.251,79.632,101929,5545,200.0,0,0,71.9
187,reliability_dynamic,stable_local,layer4,1775746222395.241,1775746222553.013,157.772,16.940,138.789,75.508,101929,5545,200.0,0,0,70.0
188,reliability_dynamic,stable_local,layer4,1775746222555.974,1775746222712.245,156.271,17.665,136.609,74.937,101929,5545,200.0,0,0,71.5
189,reliability_dynamic,stable_local,layer4,1775746222715.332,1775746222888.619,173.287,16.862,156.425,76.106,101929,5545,200.0,0,0,67.8
190,reliability_dynamic,stable_local,layer4,1775746222891.655,1775746223049.246,157.591,16.932,139.662,75.856,101929,5545,200.0,0,0,70.6
191,reliability_dynamic,stable_local,layer4,1775746223052.261,1775746223239.316,187.055,17.593,168.463,79.866,101929,5545,200.0,0,0,70.5
192,reliability_dynamic,stable_local,layer4,1775746223242.541,1775746223424.691,182.150,17.004,165.146,77.795,101929,5545,200.0,0,0,70.3
193,reliability_dynamic,stable_local,layer4,1775746223427.692,1775746223582.964,155.272,17.003,138.269,75.478,101929,5545,200.0,0,0,70.0
194,reliability_dynamic,stable_local,layer4,1775746223585.968,1775746223760.282,174.314,18.091,153.185,74.499,101929,5545,200.0,0,0,74.1
195,reliability_dynamic,stable_local,layer4,1775746223763.261,1775746223936.406,173.145,17.590,154.554,80.243,101929,5545,200.0,0,0,70.1
196,reliability_dynamic,stable_local,layer4,1775746223939.363,1775746224121.425,182.062,17.090,163.977,79.189,101929,5545,200.0,0,0,70.2
197,reliability_dynamic,stable_local,layer4,1775746224125.492,1775746224300.656,175.163,17.981,157.182,73.728,101929,5545,200.0,0,0,68.9
198,reliability_dynamic,stable_local,layer4,1775746224303.621,1775746224474.110,170.489,16.999,152.488,75.703,101929,5545,200.0,0,0,70.5
199,reliability_dynamic,stable_local,layer4,1775746224477.076,1775746224650.666,173.590,16.999,156.590,79.086,101929,5545,200.0,0,0,69.9
