request_id,strategy,split_id,t_start_ms,t_end_ms,latency_ms,bytes_up,bytes_down,server_compute_ms,cpu_percent
0,cloud_only,,1775747838353.837,1775747838837.284,483.448,603689,5545,356.051,18.5
1,cloud_only,,1775747838845.280,1775747839408.254,562.974,603689,5545,424.866,39.8
2,cloud_only,,1775747839417.433,1775747839957.611,540.178,603689,5545,400.704,38.4
3,cloud_only,,1775747839962.591,1775747840471.469,508.878,603689,5545,386.011,38.2
4,cloud_only,,1775747840481.010,1775747841017.782,536.772,603689,5545,383.510,26.6
5,cloud_only,,1775747841025.774,1775747841494.987,469.212,603689,5545,346.078,31.7
6,cloud_only,,1775747841504.980,1775747841994.789,489.809,603689,5545,360.806,32.7
7,cloud_only,,1775747842000.787,1775747842512.591,511.803,603689,5545,383.342,29.6
8,cloud_only,,1775747842520.154,1775747843027.249,507.095,603689,5545,384.944,28.8
9,cloud_only,,1775747843036.687,1775747843525.940,489.253,603689,5545,349.911,31.7
10,cloud_only,,1775747843534.430,1775747844019.626,485.196,603689,5545,357.440,30.0
11,cloud_only,,1775747844025.628,1775747844559.997,534.369,603689,5545,407.674,36.7
12,cloud_only,,1775747844566.988,1775747845101.974,534.986,603689,5545,409.298,33.3
13,cloud_only,,1775747845109.002,1775747845629.938,520.936,603689,5545,397.947,33.5
14,cloud_only,,1775747845639.935,1775747846158.171,518.236,603689,5545,392.668,31.4
15,cloud_only,,1775747846166.186,1775747846686.771,520.585,603689,5545,393.171,30.5
16,cloud_only,,1775747846694.766,1775747847218.108,523.342,603689,5545,364.386,48.8
17,cloud_only,,1775747847223.108,1775747847769.486,546.379,603689,5545,413.544,42.1
18,cloud_only,,1775747847773.489,1775747848247.009,473.520,603689,5545,351.232,55.6
19,cloud_only,,1775747848252.008,1775747848746.814,494.806,603689,5545,365.624,51.3
20,cloud_only,,1775747848759.809,1775747849333.111,573.302,603689,5545,439.954,44.6
21,cloud_only,,1775747849337.109,1775747849862.267,525.157,603689,5545,397.869,35.5
22,cloud_only,,1775747849872.264,1775747850391.562,519.298,603689,5545,391.763,32.2
23,cloud_only,,1775747850399.560,1775747850872.095,472.535,603689,5545,347.733,31.5
24,cloud_only,,1775747850882.416,1775747851409.398,526.982,603689,5545,398.506,37.6
25,cloud_only,,1775747851417.401,1775747851904.764,487.363,603689,5545,356.421,43.3
26,cloud_only,,1775747851915.764,1775747852418.410,502.646,603689,5545,369.781,41.8
27,cloud_only,,1775747852426.411,1775747853021.825,595.415,603689,5545,408.908,44.4
28,cloud_only,,1775747853028.825,1775747853557.714,528.889,603689,5545,401.897,30.5
29,cloud_only,,1775747853563.969,1775747854061.780,497.811,603689,5545,372.799,40.4
30,cloud_only,,1775747854066.757,1775747854620.338,553.581,603689,5545,420.208,37.6
31,cloud_only,,1775747854624.326,1775747855179.208,554.882,603689,5545,417.888,34.5
32,cloud_only,,1775747855184.190,1775747855717.849,533.659,603689,5545,409.026,34.9
33,cloud_only,,1775747855722.215,1775747856246.984,524.770,603689,5545,399.896,29.3
34,cloud_only,,1775747856254.971,1775747856818.724,563.752,603689,5545,416.208,26.7
35,cloud_only,,1775747856826.723,1775747857338.654,511.930,603689,5545,384.741,27.5
36,cloud_only,,1775747857347.656,1775747857900.394,552.738,603689,5545,413.948,41.0
37,cloud_only,,1775747857907.395,1775747858474.705,567.310,603689,5545,441.800,39.9
38,cloud_only,,1775747858479.705,1775747859010.050,530.345,603689,5545,408.151,33.8
39,cloud_only,,1775747859014.049,1775747859541.457,527.407,603689,5545,405.102,50.9
40,cloud_only,,1775747859560.968,1775747860096.314,535.346,603689,5545,408.535,36.3
41,cloud_only,,1775747860103.308,1775747860630.110,526.802,603689,5545,399.940,30.1
42,cloud_only,,1775747860638.762,1775747861163.237,524.475,603689,5545,399.867,27.3
43,cloud_only,,1775747861169.747,1775747861676.423,506.676,603689,5545,353.901,29.6
44,cloud_only,,1775747861684.413,1775747862235.335,550.923,603689,5545,404.191,24.4
45,cloud_only,,1775747862242.330,1775747862721.023,478.693,603689,5545,352.325,32.1
46,cloud_only,,1775747862729.022,1775747863281.003,551.981,603689,5545,405.983,26.5
47,cloud_only,,1775747863287.627,1775747863821.283,533.656,603689,5545,400.715,28.8
48,cloud_only,,1775747863829.274,1775747864360.775,531.501,603689,5545,385.539,27.6
49,cloud_only,,1775747864366.773,1775747864898.704,531.930,603689,5545,408.169,31.0
50,cloud_only,,1775747864909.699,1775747865384.793,475.093,603689,5545,352.112,43.3
51,cloud_only,,1775747865391.780,1775747865873.406,481.626,603689,5545,354.373,31.8
52,cloud_only,,1775747865882.403,1775747866433.894,551.491,603689,5545,409.102,27.6
53,cloud_only,,1775747866443.906,1775747866933.438,489.532,603689,5545,347.040,29.4
54,cloud_only,,1775747866941.439,1775747867467.269,525.830,603689,5545,400.769,26.1
55,cloud_only,,1775747867474.263,1775747868013.367,539.104,603689,5545,412.473,45.4
56,cloud_only,,1775747868020.889,1775747868572.192,551.303,603689,5545,409.369,28.9
57,cloud_only,,1775747868579.191,1775747869103.687,524.496,603689,5545,394.770,38.7
58,cloud_only,,1775747869111.675,1775747869588.427,476.752,603689,5545,352.002,35.5
59,cloud_only,,1775747869597.422,1775747870660.135,1062.714,603689,5545,916.016,14.1
60,cloud_only,,1775747870669.130,1775747871174.344,505.214,603689,5545,357.157,26.4
61,cloud_only,,1775747871182.341,1775747871705.959,523.618,603689,5545,399.549,28.5
62,cloud_only,,1775747871713.957,1775747872238.955,524.998,603689,5545,400.715,27.3
63,cloud_only,,1775747872246.003,1775747872786.334,540.331,603689,5545,394.871,26.6
64,cloud_only,,1775747872795.324,1775747873312.584,517.260,603689,5545,391.988,29.5
65,cloud_only,,1775747873320.577,1775747873820.690,500.114,603689,5545,371.458,30.6
66,cloud_only,,1775747873828.690,1775747874341.151,512.461,603689,5545,364.633,26.4
67,cloud_only,,1775747874349.646,1775747874870.315,520.669,603689,5545,395.968,29.3
68,cloud_only,,1775747874877.259,1775747875351.145,473.887,603689,5545,350.910,40.4
69,cloud_only,,1775747875356.153,1775747875866.387,510.234,603689,5545,382.979,35.5
70,cloud_only,,1775747875875.370,1775747876475.960,600.590,603689,5545,449.337,24.8
71,cloud_only,,1775747876482.961,1775747876980.177,497.216,603689,5545,367.210,31.2
72,cloud_only,,1775747876988.170,1775747877468.156,479.986,603689,5545,355.633,30.1
73,cloud_only,,1775747877475.151,1775747878001.214,526.063,603689,5545,398.845,29.6
74,cloud_only,,1775747878009.212,1775747878512.182,502.969,603689,5545,359.322,32.0
75,cloud_only,,1775747878519.178,1775747878993.817,474.638,603689,5545,351.953,32.9
76,cloud_only,,1775747879001.828,1775747879500.066,498.237,603689,5545,350.995,29.7
77,cloud_only,,1775747879508.071,1775747880049.117,541.046,603689,5545,397.855,29.4
78,cloud_only,,1775747880063.135,1775747880596.618,533.482,603689,5545,405.922,31.5
79,cloud_only,,1775747880604.609,1775747881189.772,585.163,603689,5545,434.877,25.0
80,cloud_only,,1775747881198.760,1775747881796.758,597.998,603689,5545,405.212,28.1
81,cloud_only,,1775747881804.746,1775747882326.375,521.629,603689,5545,394.213,28.5
82,cloud_only,,1775747882334.371,1775747882872.971,538.600,603689,5545,401.272,25.0
83,cloud_only,,1775747882879.969,1775747883410.488,530.519,603689,5545,403.238,29.0
84,cloud_only,,1775747883419.485,1775747883951.083,531.597,603689,5545,406.153,27.7
85,cloud_only,,1775747883958.024,1775747884459.094,501.069,603689,5545,378.886,31.1
86,cloud_only,,1775747884467.094,1775747884938.492,471.397,603689,5545,347.962,36.3
87,cloud_only,,1775747884945.489,1775747885501.311,555.822,603689,5545,411.652,29.9
88,cloud_only,,1775747885509.314,1775747885996.670,487.356,603689,5545,357.466,39.0
89,cloud_only,,1775747886005.223,1775747886482.632,477.408,603689,5545,351.937,33.1
90,cloud_only,,1775747886489.635,1775747886961.947,472.313,603689,5545,350.664,36.1
91,cloud_only,,1775747886969.947,1775747887496.880,526.934,603689,5545,359.461,34.2
92,cloud_only,,1775747887504.871,1775747888045.970,541.099,603689,5545,412.604,27.8
93,cloud_only,,1775747888056.041,1775747888571.892,515.851,603689,5545,390.673,30.1
94,cloud_only,,1775747888580.905,1775747889108.474,527.569,603689,5545,403.461,28.9
95,cloud_only,,1775747889116.472,1775747889654.090,537.618,603689,5545,390.252,26.1
96,cloud_only,,1775747889662.498,1775747890143.724,481.226,603689,5545,356.058,33.5
97,cloud_only,,1775747890150.194,1775747890694.726,544.532,603689,5545,417.162,30.0
98,cloud_only,,1775747890704.733,1775747891221.263,516.529,603689,5545,370.336,31.1
99,cloud_only,,1775747891226.262,1775747891781.021,554.759,603689,5545,415.982,28.6
100,cloud_only,,1775747891786.026,1775747892324.833,538.807,603689,5545,410.857,36.7
101,cloud_only,,1775747892330.819,1775747892839.106,508.287,603689,5545,385.470,31.8
102,cloud_only,,1775747892846.110,1775747893384.214,538.104,603689,5545,388.730,35.0
103,cloud_only,,1775747893391.207,1775747893916.141,524.934,603689,5545,374.739,31.0
104,cloud_only,,1775747893924.129,1775747894472.065,547.936,603689,5545,406.847,27.5
105,cloud_only,,1775747894479.309,1775747894975.194,495.885,603689,5545,348.533,30.9
106,cloud_only,,1775747894984.189,1775747895524.145,539.956,603689,5545,399.098,28.8
107,cloud_only,,1775747895533.143,1775747896019.383,486.240,603689,5545,359.961,38.3
108,cloud_only,,1775747896027.381,1775747896509.847,482.466,603689,5545,354.393,35.3
109,cloud_only,,1775747896518.728,1775747897083.339,564.611,603689,5545,412.106,29.2
110,cloud_only,,1775747897090.453,1775747897629.542,539.089,603689,5545,398.098,25.9
111,cloud_only,,1775747897637.536,1775747898112.316,474.780,603689,5545,348.989,32.1
112,cloud_only,,1775747898120.305,1775747898631.996,511.691,603689,5545,388.096,28.6
113,cloud_only,,1775747898638.992,1775747899128.281,489.289,603689,5545,362.041,29.1
114,cloud_only,,1775747899136.280,1775747899695.229,558.949,603689,5545,407.674,27.1
115,cloud_only,,1775747899704.227,1775747900196.180,491.953,603689,5545,354.125,28.7
116,cloud_only,,1775747900206.442,1775747900682.298,475.856,603689,5545,350.517,34.8
117,cloud_only,,1775747900690.288,1775747901243.568,553.281,603689,5545,401.254,27.9
118,cloud_only,,1775747901251.565,1775747901782.619,531.054,603689,5545,404.513,37.6
119,cloud_only,,1775747901792.640,1775747902317.280,524.640,603689,5545,388.515,30.6
120,cloud_only,,1775747902325.269,1775747902832.099,506.830,603689,5545,355.660,28.4
121,cloud_only,,1775747902841.087,1775747903330.786,489.699,603689,5545,362.302,27.0
122,cloud_only,,1775747903339.786,1775747903812.155,472.368,603689,5545,348.028,33.1
123,cloud_only,,1775747903821.202,1775747904356.120,534.918,603689,5545,395.550,30.0
124,cloud_only,,1775747904363.127,1775747904904.383,541.255,603689,5545,392.344,28.4
125,cloud_only,,1775747904911.876,1775747905422.500,510.624,603689,5545,386.511,31.5
126,cloud_only,,1775747905430.491,1775747905913.365,482.874,603689,5545,356.045,30.4
127,cloud_only,,1775747905921.392,1775747906401.549,480.157,603689,5545,351.359,32.9
128,cloud_only,,1775747906408.563,1775747906956.272,547.709,603689,5545,398.596,25.8
129,cloud_only,,1775747906964.803,1775747907484.624,519.821,603689,5545,393.755,30.2
130,cloud_only,,1775747907494.615,1775747908051.325,556.710,603689,5545,406.703,26.3
131,cloud_only,,1775747908059.599,1775747908550.003,490.404,603689,5545,363.041,36.1
132,cloud_only,,1775747908557.812,1775747909109.411,551.598,603689,5545,402.583,28.1
133,cloud_only,,1775747909116.420,1775747909595.417,478.996,603689,5545,354.406,31.9
134,cloud_only,,1775747909603.415,1775747910140.970,537.556,603689,5545,404.496,31.9
135,cloud_only,,1775747910148.963,1775747910633.239,484.276,603689,5545,356.978,34.2
136,cloud_only,,1775747910641.235,1775747911134.677,493.442,603689,5545,358.125,29.3
137,cloud_only,,1775747911140.815,1775747911670.016,529.201,603689,5545,404.856,28.0
138,cloud_only,,1775747911678.005,1775747912227.267,549.262,603689,5545,421.946,26.4
139,cloud_only,,1775747912235.276,1775747912714.714,479.438,603689,5545,351.965,29.3
140,cloud_only,,1775747912721.643,1775747913273.119,551.475,603689,5545,405.391,27.2
141,cloud_only,,1775747913280.107,1775747913793.142,513.036,603689,5545,384.970,28.4
142,cloud_only,,1775747913801.314,1775747914316.220,514.906,603689,5545,389.351,36.5
143,cloud_only,,1775747914320.126,1775747914835.460,515.334,603689,5545,392.311,32.4
144,cloud_only,,1775747914844.455,1775747915372.946,528.491,603689,5545,400.377,34.9
145,cloud_only,,1775747915380.953,1775747915864.764,483.811,603689,5545,357.169,42.3
146,cloud_only,,1775747915874.780,1775747916356.165,481.385,603689,5545,345.862,31.4
147,cloud_only,,1775747916363.911,1775747916844.845,480.934,603689,5545,355.107,34.7
148,cloud_only,,1775747916852.826,1775747917378.537,525.711,603689,5545,389.399,26.7
149,cloud_only,,1775747917383.542,1775747917906.097,522.556,603689,5545,398.984,29.0
150,cloud_only,,1775747917912.976,1775747918436.643,523.666,603689,5545,396.801,31.8
151,cloud_only,,1775747918444.632,1775747918918.135,473.503,603689,5545,348.589,35.8
152,cloud_only,,1775747918926.128,1775747919476.332,550.204,603689,5545,402.747,30.4
153,cloud_only,,1775747919484.339,1775747920037.391,553.052,603689,5545,425.069,34.0
154,cloud_only,,1775747920046.401,1775747920570.133,523.732,603689,5545,397.668,29.3
155,cloud_only,,1775747920577.406,1775747921114.377,536.971,603689,5545,410.048,33.9
156,cloud_only,,1775747921122.368,1775747921644.830,522.462,603689,5545,397.207,33.4
157,cloud_only,,1775747921654.826,1775747922173.885,519.060,603689,5545,394.266,40.7
158,cloud_only,,1775747922178.887,1775747922706.727,527.840,603689,5545,402.459,39.0
159,cloud_only,,1775747922712.112,1775747923249.445,537.333,603689,5545,408.785,33.2
160,cloud_only,,1775747923257.438,1775747923772.502,515.064,603689,5545,392.636,41.5
161,cloud_only,,1775747923781.497,1775747924332.463,550.966,603689,5545,399.818,30.7
162,cloud_only,,1775747924340.458,1775747924879.075,538.617,603689,5545,399.429,29.1
163,cloud_only,,1775747924885.069,1775747925393.984,508.916,603689,5545,353.873,29.1
164,cloud_only,,1775747925403.107,1775747925877.127,474.020,603689,5545,350.260,27.5
165,cloud_only,,1775747925884.120,1775747926427.845,543.725,603689,5545,395.684,26.6
166,cloud_only,,1775747926436.838,1775747926917.416,480.578,603689,5545,357.276,44.2
167,cloud_only,,1775747926924.414,1775747927487.855,563.441,603689,5545,416.997,24.8
168,cloud_only,,1775747927494.865,1775747928018.968,524.103,603689,5545,399.477,45.8
169,cloud_only,,1775747928022.978,1775747928554.456,531.478,603689,5545,406.032,37.3
170,cloud_only,,1775747928565.451,1775747929054.389,488.938,603689,5545,360.139,49.2
171,cloud_only,,1775747929057.396,1775747929540.339,482.943,603689,5545,356.105,44.3
172,cloud_only,,1775747929544.058,1775747930102.743,558.685,603689,5545,417.722,53.3
173,cloud_only,,1775747930107.744,1775747930631.648,523.904,603689,5545,398.161,40.7
174,cloud_only,,1775747930635.637,1775747931150.028,514.390,603689,5545,391.183,39.1
175,cloud_only,,1775747931165.033,1775747931637.902,472.868,603689,5545,347.952,47.0
176,cloud_only,,1775747931647.889,1775747932249.936,602.046,603689,5545,472.082,24.1
177,cloud_only,,1775747932260.135,1775747932775.721,515.586,603689,5545,363.424,38.9
178,cloud_only,,1775747932787.720,1775747933373.809,586.089,603689,5545,449.768,37.7
179,cloud_only,,1775747933380.810,1775747933863.490,482.679,603689,5545,348.554,39.9
180,cloud_only,,1775747933868.488,1775747934437.376,568.889,603689,5545,440.813,34.4
181,cloud_only,,1775747934444.383,1775747934936.355,491.971,603689,5545,363.872,41.0
182,cloud_only,,1775747934943.349,1775747935509.470,566.121,603689,5545,424.451,37.9
183,cloud_only,,1775747935514.474,1775747936134.699,620.226,603689,5545,355.573,30.2
184,cloud_only,,1775747936139.700,1775747937019.768,880.068,603689,5545,640.833,26.2
185,cloud_only,,1775747937027.778,1775747938090.513,1062.734,603689,5545,820.127,18.2
186,cloud_only,,1775747938096.237,1775747939115.984,1019.747,603689,5545,769.641,20.0
187,cloud_only,,1775747939124.489,1775747940000.474,875.986,603689,5545,683.677,18.6
188,cloud_only,,1775747940009.473,1775747940785.774,776.301,603689,5545,600.745,29.7
189,cloud_only,,1775747940791.862,1775747941312.661,520.799,603689,5545,392.744,33.0
190,cloud_only,,1775747941320.651,1775747941853.629,532.978,603689,5545,403.485,33.0
191,cloud_only,,1775747941862.623,1775747942387.260,524.637,603689,5545,397.560,30.6
192,cloud_only,,1775747942393.198,1775747942904.252,511.054,603689,5545,386.606,29.7
193,cloud_only,,1775747942913.597,1775747943457.243,543.646,603689,5545,404.483,27.2
194,cloud_only,,1775747943465.344,1775747944003.486,538.142,603689,5545,390.278,22.8
195,cloud_only,,1775747944013.267,1775747944499.365,486.097,603689,5545,357.027,30.3
196,cloud_only,,1775747944508.355,1775747945137.376,629.021,603689,5545,437.281,26.5
197,cloud_only,,1775747945147.507,1775747945717.546,570.040,603689,5545,429.148,26.0
198,cloud_only,,1775747945724.536,1775747946286.024,561.489,603689,5545,430.545,30.7
199,cloud_only,,1775747946295.021,1775747946868.647,573.626,603689,5545,437.675,33.4
