request_id,strategy,split_id,t_start_ms,t_end_ms,latency_ms,bytes_up,bytes_down,cpu_percent
0,edge_only,,1773169807717.403,1773169807925.463,208.060,0,0,21.0
1,edge_only,,1773169807930.460,1773169807952.463,22.002,0,0,93.5
2,edge_only,,1773169807956.460,1773169807974.465,18.005,0,0,88.2
3,edge_only,,1773169807977.464,1773169807999.976,22.511,0,0,90.6
4,edge_only,,1773169808002.974,1773169808023.978,21.004,0,0,100.0
5,edge_only,,1773169808026.974,1773169808047.975,21.001,0,0,93.8
6,edge_only,,1773169808050.974,1773169808068.985,18.011,0,0,87.5
7,edge_only,,1773169808072.983,1773169808091.492,18.510,0,0,93.8
8,edge_only,,1773169808095.490,1773169808114.497,19.007,0,0,93.8
9,edge_only,,1773169808117.490,1773169808137.491,20.001,0,0,87.5
10,edge_only,,1773169808140.498,1773169808157.491,16.993,0,0,90.3
11,edge_only,,1773169808160.490,1773169808182.008,21.518,0,0,82.4
12,edge_only,,1773169808185.007,1773169808201.010,16.003,0,0,88.2
13,edge_only,,1773169808205.007,1773169808224.009,19.001,0,0,96.9
14,edge_only,,1773169808227.008,1773169808247.009,20.000,0,0,93.8
15,edge_only,,1773169808250.007,1773169808270.022,20.015,0,0,93.8
16,edge_only,,1773169808273.021,1773169808310.535,37.514,0,0,100.0
17,edge_only,,1773169808314.533,1773169808333.534,19.001,0,0,93.9
18,edge_only,,1773169808337.531,1773169808357.534,20.003,0,0,100.0
19,edge_only,,1773169808361.532,1773169808381.046,19.514,0,0,90.6
20,edge_only,,1773169808384.049,1773169808403.054,19.005,0,0,87.5
21,edge_only,,1773169808408.049,1773169808427.052,19.003,0,0,93.8
22,edge_only,,1773169808430.049,1773169808449.052,19.002,0,0,87.5
23,edge_only,,1773169808453.049,1773169808472.057,19.007,0,0,93.5
24,edge_only,,1773169808475.055,1773169808494.565,19.510,0,0,82.4
25,edge_only,,1773169808498.566,1773169808518.567,20.001,0,0,96.9
26,edge_only,,1773169808521.564,1773169808539.565,18.001,0,0,100.0
27,edge_only,,1773169808542.564,1773169808562.565,20.001,0,0,97.0
28,edge_only,,1773169808566.571,1773169808586.078,19.508,0,0,87.5
29,edge_only,,1773169808589.077,1773169808608.079,19.003,0,0,87.5
30,edge_only,,1773169808611.077,1773169808628.078,17.001,0,0,93.8
31,edge_only,,1773169808632.077,1773169808652.078,20.001,0,0,87.5
32,edge_only,,1773169808655.077,1773169808675.083,20.006,0,0,87.5
33,edge_only,,1773169808678.081,1773169808697.589,19.509,0,0,87.5
34,edge_only,,1773169808700.589,1773169808720.590,20.000,0,0,90.6
35,edge_only,,1773169808723.589,1773169808742.589,19.000,0,0,87.5
36,edge_only,,1773169808745.589,1773169808764.590,19.000,0,0,87.5
37,edge_only,,1773169808768.592,1773169808788.976,20.384,0,0,96.9
38,edge_only,,1773169808791.975,1773169808808.976,17.001,0,0,87.5
39,edge_only,,1773169808811.975,1773169808830.976,19.001,0,0,87.5
40,edge_only,,1773169808833.975,1773169808853.977,20.002,0,0,87.5
41,edge_only,,1773169808857.218,1773169808876.982,19.763,0,0,90.6
42,edge_only,,1773169808878.978,1773169808900.485,21.507,0,0,100.0
43,edge_only,,1773169808903.484,1773169808923.486,20.001,0,0,93.8
44,edge_only,,1773169808926.484,1773169808946.486,20.002,0,0,87.5
45,edge_only,,1773169808949.488,1773169808970.502,21.014,0,0,87.5
46,edge_only,,1773169808973.498,1773169808991.010,17.512,0,0,87.5
47,edge_only,,1773169808994.007,1773169809014.007,20.001,0,0,100.0
48,edge_only,,1773169809017.006,1773169809037.012,20.005,0,0,97.0
49,edge_only,,1773169809041.007,1773169809060.010,19.004,0,0,100.0
50,edge_only,,1773169809064.007,1773169809084.530,20.523,0,0,94.1
51,edge_only,,1773169809087.528,1773169809107.529,20.001,0,0,93.8
52,edge_only,,1773169809110.529,1773169809129.530,19.002,0,0,93.8
53,edge_only,,1773169809133.528,1773169809152.530,19.002,0,0,87.5
54,edge_only,,1773169809155.529,1773169809172.535,17.006,0,0,91.4
55,edge_only,,1773169809175.532,1773169809194.041,18.509,0,0,87.5
56,edge_only,,1773169809198.039,1773169809217.041,19.002,0,0,87.5
57,edge_only,,1773169809220.042,1773169809238.042,18.000,0,0,100.0
58,edge_only,,1773169809241.039,1773169809261.040,20.001,0,0,87.5
59,edge_only,,1773169809264.040,1773169809285.066,21.026,0,0,93.8
60,edge_only,,1773169809288.075,1773169809305.096,17.021,0,0,100.0
61,edge_only,,1773169809308.573,1773169809325.579,17.005,0,0,87.5
62,edge_only,,1773169809328.578,1773169809348.577,19.999,0,0,87.5
63,edge_only,,1773169809351.577,1773169809372.041,20.465,0,0,93.8
64,edge_only,,1773169809374.581,1773169809392.088,17.507,0,0,87.9
65,edge_only,,1773169809395.087,1773169809414.089,19.001,0,0,87.5
66,edge_only,,1773169809417.087,1773169809434.088,17.001,0,0,87.5
67,edge_only,,1773169809437.087,1773169809456.091,19.004,0,0,87.5
68,edge_only,,1773169809459.088,1773169809477.094,18.006,0,0,87.5
69,edge_only,,1773169809480.595,1773169809498.601,18.006,0,0,100.0
70,edge_only,,1773169809502.599,1773169809521.600,19.001,0,0,87.5
71,edge_only,,1773169809524.599,1773169809544.603,20.003,0,0,87.5
72,edge_only,,1773169809548.601,1773169809565.600,16.999,0,0,93.8
73,edge_only,,1773169809568.605,1773169809586.115,17.510,0,0,87.5
74,edge_only,,1773169809589.113,1773169809609.114,20.000,0,0,87.5
75,edge_only,,1773169809612.114,1773169809632.114,20.000,0,0,87.5
76,edge_only,,1773169809635.115,1773169809652.115,17.000,0,0,87.5
77,edge_only,,1773169809655.113,1773169809676.118,21.004,0,0,87.5
78,edge_only,,1773169809679.117,1773169809698.626,19.510,0,0,93.8
79,edge_only,,1773169809701.625,1773169809720.626,19.002,0,0,90.6
80,edge_only,,1773169809724.624,1773169809743.626,19.002,0,0,93.8
81,edge_only,,1773169809746.624,1773169809769.781,23.157,0,0,93.8
82,edge_only,,1773169809773.667,1773169809791.611,17.944,0,0,87.5
83,edge_only,,1773169809794.610,1773169809813.615,19.004,0,0,93.9
84,edge_only,,1773169809816.611,1773169809833.614,17.002,0,0,87.5
85,edge_only,,1773169809836.610,1773169809855.613,19.003,0,0,87.5
86,edge_only,,1773169809859.610,1773169809878.615,19.005,0,0,87.5
87,edge_only,,1773169809881.124,1773169809899.130,18.006,0,0,100.0
88,edge_only,,1773169809902.128,1773169809924.129,22.001,0,0,96.9
89,edge_only,,1773169809928.128,1773169809949.132,21.003,0,0,93.8
90,edge_only,,1773169809953.128,1773169809975.133,22.005,0,0,96.9
91,edge_only,,1773169809978.133,1773169809998.644,20.511,0,0,100.0
92,edge_only,,1773169810001.643,1773169810023.644,22.001,0,0,100.0
93,edge_only,,1773169810027.643,1773169810048.644,21.001,0,0,96.9
94,edge_only,,1773169810051.643,1773169810069.653,18.011,0,0,93.8
95,edge_only,,1773169810073.647,1773169810093.160,19.513,0,0,93.9
96,edge_only,,1773169810097.157,1773169810118.159,21.001,0,0,93.8
97,edge_only,,1773169810121.158,1773169810144.158,23.000,0,0,94.3
98,edge_only,,1773169810148.158,1773169810169.163,21.004,0,0,100.0
99,edge_only,,1773169810172.162,1773169810192.673,20.511,0,0,100.0
100,edge_only,,1773169810196.672,1773169810218.672,22.000,0,0,100.0
101,edge_only,,1773169810221.671,1773169810239.672,18.001,0,0,94.7
102,edge_only,,1773169810242.671,1773169810263.672,21.001,0,0,100.0
103,edge_only,,1773169810266.675,1773169810287.185,20.510,0,0,97.0
104,edge_only,,1773169810291.181,1773169810309.182,18.001,0,0,87.5
105,edge_only,,1773169810312.663,1773169810329.184,16.521,0,0,97.1
106,edge_only,,1773169810332.183,1773169810349.183,17.000,0,0,87.5
107,edge_only,,1773169810352.181,1773169810372.186,20.005,0,0,87.5
108,edge_only,,1773169810375.185,1773169810395.697,20.512,0,0,90.6
109,edge_only,,1773169810399.696,1773169810417.698,18.002,0,0,100.0
110,edge_only,,1773169810420.696,1773169810440.698,20.002,0,0,87.5
111,edge_only,,1773169810444.696,1773169810463.703,19.007,0,0,88.2
112,edge_only,,1773169810466.701,1773169810484.245,17.544,0,0,88.2
113,edge_only,,1773169810487.244,1773169810504.245,17.001,0,0,87.5
114,edge_only,,1773169810507.244,1773169810526.287,19.042,0,0,87.5
115,edge_only,,1773169810530.244,1773169810549.245,19.002,0,0,87.5
116,edge_only,,1773169810552.243,1773169810572.250,20.007,0,0,100.0
117,edge_only,,1773169810575.248,1773169810593.759,18.511,0,0,93.3
118,edge_only,,1773169810597.756,1773169810613.760,16.004,0,0,77.8
119,edge_only,,1773169810616.756,1773169810635.759,19.002,0,0,87.5
120,edge_only,,1773169810639.756,1773169810656.758,17.002,0,0,87.5
121,edge_only,,1773169810659.756,1773169810679.762,20.006,0,0,87.5
122,edge_only,,1773169810683.266,1773169810702.268,19.001,0,0,87.5
123,edge_only,,1773169810705.267,1773169810724.268,19.000,0,0,97.0
124,edge_only,,1773169810727.266,1773169810746.267,19.001,0,0,87.5
125,edge_only,,1773169810749.266,1773169810766.273,17.007,0,0,90.3
126,edge_only,,1773169810770.271,1773169810789.782,19.511,0,0,82.4
127,edge_only,,1773169810791.781,1773169810807.783,16.002,0,0,87.5
128,edge_only,,1773169810810.781,1773169810827.784,17.003,0,0,96.9
129,edge_only,,1773169810831.781,1773169810848.786,17.005,0,0,87.5
130,edge_only,,1773169810851.781,1773169810870.787,19.007,0,0,94.1
131,edge_only,,1773169810873.786,1773169810892.324,18.538,0,0,87.5
132,edge_only,,1773169810896.295,1773169810915.297,19.002,0,0,87.5
133,edge_only,,1773169810919.296,1773169810936.296,17.000,0,0,94.1
134,edge_only,,1773169810939.295,1773169810958.325,19.031,0,0,87.5
135,edge_only,,1773169810962.295,1773169810980.807,18.512,0,0,87.5
136,edge_only,,1773169810982.811,1773169810999.813,17.002,0,0,90.3
137,edge_only,,1773169811003.811,1773169811023.811,20.000,0,0,83.3
138,edge_only,,1773169811026.811,1773169811046.812,20.002,0,0,93.9
139,edge_only,,1773169811049.811,1773169811070.816,21.006,0,0,93.8
140,edge_only,,1773169811073.816,1773169811093.325,19.510,0,0,90.6
141,edge_only,,1773169811097.323,1773169811119.326,22.003,0,0,94.1
142,edge_only,,1773169811122.324,1773169811147.326,25.001,0,0,100.0
143,edge_only,,1773169811151.325,1773169811175.332,24.007,0,0,100.0
144,edge_only,,1773169811178.332,1773169811197.856,19.524,0,0,100.0
145,edge_only,,1773169811201.855,1773169811222.857,21.002,0,0,100.0
146,edge_only,,1773169811226.855,1773169811246.855,20.000,0,0,93.8
147,edge_only,,1773169811249.855,1773169811269.862,20.006,0,0,100.0
148,edge_only,,1773169811272.861,1773169811293.922,21.061,0,0,100.0
149,edge_only,,1773169811296.921,1773169811317.922,21.001,0,0,100.0
150,edge_only,,1773169811320.923,1773169811339.921,18.999,0,0,100.0
151,edge_only,,1773169811342.921,1773169811363.921,21.000,0,0,100.0
152,edge_only,,1773169811366.927,1773169811388.022,21.095,0,0,93.8
153,edge_only,,1773169811391.022,1773169811412.023,21.001,0,0,100.0
154,edge_only,,1773169811415.021,1773169811435.022,20.001,0,0,100.0
155,edge_only,,1773169811439.025,1773169811459.023,19.998,0,0,100.0
156,edge_only,,1773169811463.022,1773169811483.542,20.521,0,0,100.0
157,edge_only,,1773169811486.542,1773169811505.543,19.001,0,0,100.0
158,edge_only,,1773169811508.543,1773169811530.543,22.000,0,0,100.0
159,edge_only,,1773169811533.542,1773169811552.542,19.000,0,0,96.9
160,edge_only,,1773169811555.544,1773169811575.548,20.004,0,0,100.0
161,edge_only,,1773169811578.548,1773169811600.058,21.510,0,0,100.0
162,edge_only,,1773169811603.058,1773169811623.060,20.003,0,0,93.8
163,edge_only,,1773169811626.059,1773169811645.058,19.000,0,0,96.9
164,edge_only,,1773169811649.058,1773169811669.064,20.006,0,0,100.0
165,edge_only,,1773169811672.067,1773169811693.191,21.125,0,0,100.0
166,edge_only,,1773169811697.189,1773169811718.190,21.000,0,0,94.4
167,edge_only,,1773169811721.188,1773169811741.190,20.002,0,0,87.5
168,edge_only,,1773169811744.189,1773169811764.192,20.003,0,0,100.0
169,edge_only,,1773169811768.192,1773169811786.702,18.510,0,0,87.5
170,edge_only,,1773169811789.700,1773169811806.703,17.002,0,0,87.5
171,edge_only,,1773169811809.701,1773169811829.703,20.002,0,0,93.8
172,edge_only,,1773169811832.701,1773169811850.703,18.003,0,0,93.8
173,edge_only,,1773169811853.701,1773169811869.706,16.004,0,0,87.5
174,edge_only,,1773169811872.704,1773169811892.215,19.510,0,0,93.8
175,edge_only,,1773169811895.214,1773169811913.215,18.001,0,0,100.0
176,edge_only,,1773169811917.216,1773169811936.216,19.000,0,0,87.5
177,edge_only,,1773169811940.213,1773169811959.215,19.002,0,0,90.6
178,edge_only,,1773169811963.213,1773169811979.221,16.008,0,0,87.5
179,edge_only,,1773169811982.519,1773169812002.521,20.002,0,0,90.6
180,edge_only,,1773169812005.520,1773169812026.520,21.000,0,0,93.8
181,edge_only,,1773169812030.520,1773169812049.522,19.003,0,0,96.9
182,edge_only,,1773169812053.519,1773169812072.526,19.007,0,0,100.0
183,edge_only,,1773169812075.525,1773169812097.034,21.509,0,0,96.9
184,edge_only,,1773169812100.033,1773169812118.036,18.003,0,0,93.8
185,edge_only,,1773169812121.033,1773169812141.033,20.001,0,0,93.8
186,edge_only,,1773169812144.033,1773169812164.034,20.001,0,0,93.8
187,edge_only,,1773169812168.035,1773169812187.547,19.511,0,0,96.8
188,edge_only,,1773169812190.545,1773169812210.546,20.001,0,0,88.2
189,edge_only,,1773169812213.546,1773169812234.548,21.002,0,0,93.8
190,edge_only,,1773169812237.546,1773169812257.548,20.002,0,0,100.0
191,edge_only,,1773169812260.545,1773169812283.064,22.519,0,0,100.0
192,edge_only,,1773169812286.063,1773169812307.064,21.001,0,0,100.0
193,edge_only,,1773169812310.063,1773169812330.300,20.237,0,0,100.0
194,edge_only,,1773169812333.063,1773169812353.064,20.001,0,0,94.1
195,edge_only,,1773169812356.063,1773169812374.073,18.010,0,0,87.5
196,edge_only,,1773169812377.069,1773169812396.577,19.508,0,0,93.8
197,edge_only,,1773169812400.575,1773169812420.577,20.001,0,0,93.8
198,edge_only,,1773169812423.576,1773169812460.085,36.510,0,0,100.0
199,edge_only,,1773169812463.084,1773169812481.910,18.826,0,0,93.8
200,edge_only,,1773169812484.915,1773169812506.917,22.002,0,0,100.0
201,edge_only,,1773169812510.915,1773169812530.916,20.001,0,0,93.8
202,edge_only,,1773169812533.915,1773169812551.917,18.003,0,0,100.0
203,edge_only,,1773169812555.915,1773169812575.920,20.005,0,0,93.8
204,edge_only,,1773169812578.919,1773169812598.429,19.510,0,0,100.0
205,edge_only,,1773169812602.428,1773169812619.429,17.001,0,0,87.5
206,edge_only,,1773169812622.426,1773169812647.432,25.005,0,0,100.0
207,edge_only,,1773169812650.426,1773169812670.435,20.009,0,0,81.2
208,edge_only,,1773169812674.432,1773169812693.941,19.509,0,0,90.6
209,edge_only,,1773169812696.941,1773169812714.941,18.000,0,0,100.0
210,edge_only,,1773169812717.941,1773169812736.942,19.002,0,0,93.8
211,edge_only,,1773169812740.940,1773169812758.941,18.001,0,0,93.8
212,edge_only,,1773169812762.940,1773169812784.465,21.525,0,0,96.9
213,edge_only,,1773169812787.455,1773169812807.457,20.002,0,0,93.8
214,edge_only,,1773169812811.454,1773169812831.455,20.001,0,0,96.9
215,edge_only,,1773169812834.460,1773169812851.457,16.997,0,0,100.0
216,edge_only,,1773169812854.457,1773169812873.459,19.002,0,0,87.5
217,edge_only,,1773169812876.458,1773169812892.977,16.519,0,0,96.9
218,edge_only,,1773169812896.968,1773169812915.970,19.002,0,0,93.8
219,edge_only,,1773169812918.968,1773169812935.970,17.003,0,0,87.5
220,edge_only,,1773169812939.968,1773169812958.970,19.003,0,0,87.5
221,edge_only,,1773169812961.975,1773169812981.972,19.998,0,0,87.5
222,edge_only,,1773169812984.480,1773169813004.481,20.001,0,0,90.6
223,edge_only,,1773169813007.480,1773169813027.482,20.002,0,0,87.5
224,edge_only,,1773169813030.479,1773169813047.483,17.003,0,0,93.9
225,edge_only,,1773169813051.480,1773169813071.497,20.017,0,0,87.5
226,edge_only,,1773169813074.494,1773169813094.006,19.512,0,0,93.8
227,edge_only,,1773169813097.005,1773169813118.005,21.000,0,0,100.0
228,edge_only,,1773169813121.004,1773169813140.006,19.002,0,0,96.6
229,edge_only,,1773169813144.007,1773169813163.006,18.999,0,0,86.4
230,edge_only,,1773169813166.008,1773169813184.524,18.516,0,0,100.0
231,edge_only,,1773169813187.527,1773169813207.525,19.997,0,0,87.5
232,edge_only,,1773169813210.524,1773169813230.526,20.001,0,0,100.0
233,edge_only,,1773169813233.526,1773169813253.526,20.000,0,0,91.4
234,edge_only,,1773169813256.525,1773169813277.529,21.004,0,0,93.8
235,edge_only,,1773169813280.529,1773169813297.041,16.512,0,0,90.3
236,edge_only,,1773169813301.039,1773169813320.040,19.001,0,0,82.4
237,edge_only,,1773169813323.038,1773169813342.041,19.003,0,0,87.5
238,edge_only,,1773169813345.039,1773169813365.040,20.002,0,0,93.8
239,edge_only,,1773169813368.042,1773169813387.552,19.510,0,0,100.0
240,edge_only,,1773169813390.550,1773169813406.552,16.003,0,0,87.5
241,edge_only,,1773169813409.550,1773169813429.552,20.001,0,0,87.5
242,edge_only,,1773169813432.550,1773169813451.560,19.010,0,0,87.5
243,edge_only,,1773169813454.551,1773169813474.556,20.005,0,0,87.5
244,edge_only,,1773169813478.554,1773169813496.068,17.514,0,0,81.2
245,edge_only,,1773169813499.063,1773169813519.064,20.001,0,0,90.6
246,edge_only,,1773169813522.067,1773169813538.065,15.998,0,0,87.5
247,edge_only,,1773169813541.063,1773169813561.092,20.029,0,0,93.8
248,edge_only,,1773169813565.064,1773169813583.580,18.516,0,0,87.5
249,edge_only,,1773169813587.578,1773169813605.580,18.002,0,0,100.0
250,edge_only,,1773169813609.578,1773169813626.579,17.001,0,0,93.9
251,edge_only,,1773169813629.578,1773169813649.579,20.001,0,0,87.5
252,edge_only,,1773169813652.578,1773169813671.584,19.006,0,0,93.3
253,edge_only,,1773169813674.584,1773169813695.094,20.509,0,0,77.8
254,edge_only,,1773169813698.091,1773169813717.092,19.001,0,0,87.5
255,edge_only,,1773169813720.090,1773169813737.095,17.006,0,0,90.6
256,edge_only,,1773169813741.090,1773169813760.092,19.002,0,0,87.5
257,edge_only,,1773169813764.090,1773169813782.612,18.522,0,0,93.8
258,edge_only,,1773169813785.616,1773169813805.617,20.001,0,0,87.5
259,edge_only,,1773169813808.619,1773169813825.618,16.999,0,0,87.5
260,edge_only,,1773169813828.616,1773169813845.618,17.002,0,0,93.8
261,edge_only,,1773169813848.616,1773169813868.628,20.012,0,0,100.0
262,edge_only,,1773169813872.626,1773169813889.138,16.512,0,0,87.5
263,edge_only,,1773169813893.135,1773169813912.136,19.001,0,0,87.5
264,edge_only,,1773169813916.135,1773169813935.137,19.002,0,0,87.5
265,edge_only,,1773169813938.135,1773169813956.138,18.003,0,0,87.5
266,edge_only,,1773169813959.135,1773169813979.140,20.005,0,0,87.5
267,edge_only,,1773169813982.642,1773169814000.648,18.006,0,0,90.6
268,edge_only,,1773169814004.646,1773169814023.647,19.001,0,0,87.5
269,edge_only,,1773169814026.646,1773169814043.646,17.000,0,0,87.5
270,edge_only,,1773169814046.646,1773169814065.655,19.009,0,0,87.5
271,edge_only,,1773169814068.650,1773169814087.165,18.515,0,0,87.5
272,edge_only,,1773169814090.164,1773169814110.163,19.999,0,0,93.8
273,edge_only,,1773169814113.163,1773169814130.165,17.002,0,0,87.5
274,edge_only,,1773169814133.163,1773169814153.164,20.001,0,0,93.8
275,edge_only,,1773169814156.163,1773169814173.244,17.081,0,0,87.5
276,edge_only,,1773169814176.168,1773169814199.677,23.509,0,0,100.0
277,edge_only,,1773169814203.675,1773169814223.677,20.002,0,0,94.3
278,edge_only,,1773169814226.675,1773169814245.677,19.002,0,0,87.5
279,edge_only,,1773169814249.680,1773169814265.677,15.997,0,0,93.5
280,edge_only,,1773169814268.679,1773169814286.196,17.517,0,0,82.4
281,edge_only,,1773169814289.194,1773169814309.194,20.000,0,0,87.5
282,edge_only,,1773169814312.194,1773169814333.197,21.003,0,0,87.5
283,edge_only,,1773169814336.194,1773169814356.201,20.007,0,0,87.5
284,edge_only,,1773169814359.194,1773169814378.199,19.005,0,0,90.6
285,edge_only,,1773169814381.199,1773169814400.720,19.521,0,0,87.5
286,edge_only,,1773169814403.713,1773169814423.715,20.002,0,0,90.6
287,edge_only,,1773169814427.713,1773169814447.714,20.001,0,0,87.5
288,edge_only,,1773169814450.713,1773169814469.720,19.007,0,0,90.3
289,edge_only,,1773169814472.719,1773169814496.612,23.893,0,0,94.1
290,edge_only,,1773169814500.611,1773169814527.640,27.029,0,0,96.9
291,edge_only,,1773169814530.612,1773169814550.613,20.001,0,0,87.5
292,edge_only,,1773169814553.611,1773169814573.617,20.007,0,0,87.5
293,edge_only,,1773169814576.615,1773169814596.127,19.512,0,0,87.5
294,edge_only,,1773169814599.125,1773169814617.126,18.001,0,0,87.5
295,edge_only,,1773169814620.125,1773169814640.126,20.001,0,0,100.0
296,edge_only,,1773169814643.125,1773169814663.130,20.005,0,0,84.4
297,edge_only,,1773169814667.125,1773169814685.636,18.511,0,0,87.5
298,edge_only,,1773169814689.635,1773169814706.639,17.004,0,0,93.8
299,edge_only,,1773169814710.635,1773169814729.638,19.003,0,0,100.0
300,edge_only,,1773169814733.635,1773169814751.638,18.003,0,0,87.5
301,edge_only,,1773169814755.635,1773169814780.643,25.007,0,0,100.0
302,edge_only,,1773169814784.151,1773169814805.155,21.004,0,0,84.4
303,edge_only,,1773169814808.150,1773169814828.151,20.001,0,0,86.7
304,edge_only,,1773169814831.152,1773169814848.151,16.999,0,0,94.4
305,edge_only,,1773169814851.150,1773169814870.157,19.007,0,0,87.5
306,edge_only,,1773169814873.155,1773169814893.666,20.511,0,0,100.0
307,edge_only,,1773169814898.125,1773169814918.664,20.539,0,0,87.5
308,edge_only,,1773169814921.663,1773169814944.664,23.000,0,0,87.5
309,edge_only,,1773169814947.663,1773169814967.672,20.009,0,0,88.2
310,edge_only,,1773169814971.669,1773169814991.186,19.517,0,0,87.9
311,edge_only,,1773169814994.181,1773169815011.181,17.000,0,0,87.5
312,edge_only,,1773169815015.179,1773169815035.180,20.001,0,0,87.5
313,edge_only,,1773169815038.179,1773169815057.180,19.001,0,0,93.8
314,edge_only,,1773169815060.179,1773169815078.186,18.006,0,0,90.3
315,edge_only,,1773169815082.183,1773169815101.694,19.511,0,0,82.4
316,edge_only,,1773169815104.693,1773169815121.696,17.003,0,0,88.2
317,edge_only,,1773169815125.693,1773169815145.693,20.000,0,0,93.8
318,edge_only,,1773169815148.692,1773169815168.698,20.006,0,0,100.0
319,edge_only,,1773169815171.697,1773169815188.212,16.515,0,0,87.5
320,edge_only,,1773169815191.206,1773169815211.208,20.002,0,0,87.5
321,edge_only,,1773169815215.206,1773169815232.207,17.000,0,0,87.5
322,edge_only,,1773169815235.206,1773169815254.207,19.001,0,0,87.5
323,edge_only,,1773169815258.206,1773169815278.212,20.006,0,0,87.5
324,edge_only,,1773169815282.210,1773169815301.718,19.508,0,0,90.6
325,edge_only,,1773169815304.718,1773169815321.719,17.001,0,0,88.2
326,edge_only,,1773169815324.717,1773169815344.718,20.001,0,0,90.9
327,edge_only,,1773169815347.717,1773169815366.719,19.002,0,0,87.5
328,edge_only,,1773169815369.723,1773169815389.236,19.513,0,0,93.8
329,edge_only,,1773169815392.235,1773169815410.238,18.003,0,0,93.8
330,edge_only,,1773169815413.238,1773169815431.236,17.999,0,0,87.5
331,edge_only,,1773169815434.235,1773169815453.267,19.031,0,0,90.3
332,edge_only,,1773169815456.235,1773169815476.241,20.006,0,0,82.4
333,edge_only,,1773169815479.239,1773169815498.751,19.512,0,0,88.2
334,edge_only,,1773169815501.746,1773169815523.748,22.001,0,0,97.0
335,edge_only,,1773169815527.746,1773169815545.748,18.002,0,0,87.5
336,edge_only,,1773169815548.747,1773169815567.756,19.009,0,0,87.5
337,edge_only,,1773169815570.752,1773169815587.265,16.514,0,0,87.5
338,edge_only,,1773169815591.263,1773169815611.267,20.004,0,0,93.8
339,edge_only,,1773169815614.264,1773169815631.266,17.001,0,0,93.8
340,edge_only,,1773169815634.262,1773169815653.264,19.002,0,0,87.5
341,edge_only,,1773169815656.268,1773169815675.294,19.026,0,0,87.5
342,edge_only,,1773169815679.271,1773169815699.300,20.029,0,0,93.8
343,edge_only,,1773169815702.299,1773169815721.303,19.004,0,0,93.9
344,edge_only,,1773169815725.299,1773169815742.301,17.002,0,0,87.5
345,edge_only,,1773169815745.299,1773169815765.302,20.003,0,0,87.5
346,edge_only,,1773169815769.302,1773169815787.812,18.510,0,0,87.5
347,edge_only,,1773169815791.810,1773169815807.811,16.001,0,0,87.5
348,edge_only,,1773169815810.811,1773169815826.812,16.001,0,0,87.5
349,edge_only,,1773169815829.810,1773169815846.812,17.002,0,0,87.5
350,edge_only,,1773169815850.810,1773169815869.839,19.029,0,0,87.5
351,edge_only,,1773169815872.838,1773169815891.366,18.528,0,0,93.8
352,edge_only,,1773169815894.345,1773169815912.354,18.009,0,0,87.5
353,edge_only,,1773169815915.346,1773169815935.347,20.001,0,0,87.5
354,edge_only,,1773169815938.345,1773169815957.346,19.000,0,0,87.5
355,edge_only,,1773169815960.345,1773169815980.355,20.010,0,0,93.8
356,edge_only,,1773169815982.851,1773169816001.857,19.006,0,0,87.5
357,edge_only,,1773169816005.855,1773169816025.856,20.001,0,0,87.5
358,edge_only,,1773169816028.854,1773169816047.857,19.002,0,0,96.9
359,edge_only,,1773169816050.855,1773169816067.863,17.008,0,0,87.5
360,edge_only,,1773169816070.860,1773169816089.392,18.532,0,0,87.5
361,edge_only,,1773169816092.375,1773169816111.371,18.996,0,0,87.9
362,edge_only,,1773169816115.370,1773169816134.371,19.001,0,0,87.5
363,edge_only,,1773169816137.369,1773169816157.374,20.005,0,0,96.9
364,edge_only,,1773169816160.369,1773169816180.403,20.034,0,0,87.5
365,edge_only,,1773169816183.880,1773169816202.881,19.001,0,0,89.3
366,edge_only,,1773169816205.879,1773169816224.881,19.002,0,0,81.0
367,edge_only,,1773169816228.878,1773169816247.880,19.002,0,0,87.5
368,edge_only,,1773169816250.879,1773169816269.893,19.014,0,0,87.5
369,edge_only,,1773169816272.883,1773169816293.393,20.510,0,0,93.8
370,edge_only,,1773169816296.391,1773169816316.393,20.001,0,0,87.5
371,edge_only,,1773169816319.391,1773169816337.394,18.002,0,0,88.2
372,edge_only,,1773169816340.391,1773169816356.395,16.003,0,0,87.5
373,edge_only,,1773169816360.391,1773169816379.397,19.006,0,0,87.9
374,edge_only,,1773169816382.899,1773169816401.910,19.011,0,0,93.8
375,edge_only,,1773169816404.902,1773169816423.903,19.001,0,0,90.6
376,edge_only,,1773169816426.903,1773169816443.904,17.001,0,0,87.5
377,edge_only,,1773169816446.906,1773169816467.910,21.005,0,0,100.0
378,edge_only,,1773169816470.909,1773169816487.420,16.511,0,0,100.0
379,edge_only,,1773169816491.419,1773169816510.420,19.001,0,0,87.5
380,edge_only,,1773169816514.418,1773169816541.095,26.677,0,0,94.1
381,edge_only,,1773169816544.099,1773169816565.100,21.000,0,0,100.0
382,edge_only,,1773169816569.102,1773169816591.615,22.513,0,0,93.8
383,edge_only,,1773169816594.614,1773169816614.613,20.000,0,0,100.0
384,edge_only,,1773169816617.612,1773169816637.613,20.001,0,0,100.0
385,edge_only,,1773169816640.612,1773169816660.613,20.001,0,0,93.9
386,edge_only,,1773169816663.613,1773169816683.121,19.508,0,0,93.8
387,edge_only,,1773169816686.125,1773169816705.135,19.010,0,0,96.9
388,edge_only,,1773169816709.127,1773169816726.126,16.999,0,0,87.5
389,edge_only,,1773169816729.125,1773169816749.126,20.001,0,0,100.0
390,edge_only,,1773169816752.125,1773169816771.133,19.009,0,0,90.6
391,edge_only,,1773169816775.132,1773169816793.759,18.628,0,0,100.0
392,edge_only,,1773169816796.758,1773169816816.759,20.001,0,0,90.9
393,edge_only,,1773169816819.758,1773169816839.760,20.003,0,0,87.5
394,edge_only,,1773169816842.758,1773169816859.760,17.002,0,0,90.3
395,edge_only,,1773169816862.758,1773169816881.764,19.006,0,0,88.2
396,edge_only,,1773169816885.268,1773169816904.271,19.003,0,0,88.2
397,edge_only,,1773169816907.268,1773169816926.301,19.032,0,0,100.0
398,edge_only,,1773169816930.268,1773169816946.291,16.023,0,0,100.0
399,edge_only,,1773169816949.268,1773169816968.283,19.016,0,0,87.5
400,edge_only,,1773169816971.282,1773169816990.791,19.509,0,0,84.4
401,edge_only,,1773169816993.790,1773169817014.792,21.002,0,0,87.5
402,edge_only,,1773169817017.790,1773169817036.790,19.001,0,0,90.3
403,edge_only,,1773169817039.790,1773169817058.792,19.002,0,0,82.4
404,edge_only,,1773169817062.790,1773169817081.796,19.006,0,0,90.6
405,edge_only,,1773169817085.300,1773169817104.301,19.001,0,0,87.5
406,edge_only,,1773169817107.301,1773169817126.302,19.000,0,0,90.6
407,edge_only,,1773169817129.300,1773169817146.331,17.032,0,0,87.5
408,edge_only,,1773169817149.301,1773169817167.301,18.000,0,0,100.0
409,edge_only,,1773169817170.304,1773169817191.817,21.513,0,0,100.0
410,edge_only,,1773169817194.815,1773169817213.816,19.001,0,0,93.8
411,edge_only,,1773169817216.813,1773169817237.815,21.002,0,0,93.8
412,edge_only,,1773169817240.813,1773169817258.815,18.001,0,0,87.5
413,edge_only,,1773169817262.813,1773169817281.819,19.005,0,0,93.9
414,edge_only,,1773169817285.324,1773169817304.326,19.002,0,0,87.5
415,edge_only,,1773169817308.324,1773169817327.325,19.001,0,0,87.5
416,edge_only,,1773169817330.324,1773169817349.327,19.003,0,0,87.9
417,edge_only,,1773169817353.324,1773169817370.329,17.005,0,0,87.5
418,edge_only,,1773169817373.328,1773169817392.840,19.511,0,0,93.8
419,edge_only,,1773169817395.838,1773169817412.839,17.000,0,0,100.0
420,edge_only,,1773169817415.837,1773169817432.839,17.002,0,0,87.5
421,edge_only,,1773169817436.836,1773169817456.839,20.003,0,0,90.6
422,edge_only,,1773169817459.839,1773169817476.842,17.003,0,0,87.5
423,edge_only,,1773169817479.841,1773169817496.381,16.541,0,0,93.8
424,edge_only,,1773169817499.348,1773169817519.353,20.005,0,0,87.5
425,edge_only,,1773169817522.349,1773169817542.353,20.004,0,0,87.5
426,edge_only,,1773169817545.348,1773169817565.349,20.001,0,0,87.5
427,edge_only,,1773169817568.351,1773169817586.870,18.519,0,0,87.5
428,edge_only,,1773169817590.868,1773169817608.871,18.003,0,0,87.5
429,edge_only,,1773169817611.869,1773169817631.871,20.002,0,0,87.5
430,edge_only,,1773169817634.870,1773169817654.875,20.005,0,0,87.5
431,edge_only,,1773169817657.868,1773169817674.875,17.008,0,0,93.8
432,edge_only,,1773169817677.875,1773169817695.389,17.514,0,0,88.2
433,edge_only,,1773169817698.383,1773169817717.414,19.031,0,0,87.5
434,edge_only,,1773169817720.386,1773169817737.386,17.000,0,0,87.5
435,edge_only,,1773169817740.383,1773169817762.387,22.004,0,0,87.5
436,edge_only,,1773169817765.383,1773169817783.919,18.536,0,0,87.5
437,edge_only,,1773169817786.917,1773169817806.918,20.001,0,0,87.5
438,edge_only,,1773169817810.916,1773169817833.920,23.004,0,0,93.8
439,edge_only,,1773169817836.916,1773169817856.919,20.003,0,0,93.8
440,edge_only,,1773169817860.918,1773169817879.922,19.004,0,0,93.8
441,edge_only,,1773169817883.423,1773169817902.429,19.006,0,0,87.5
442,edge_only,,1773169817906.426,1773169817923.427,17.001,0,0,90.9
443,edge_only,,1773169817927.427,1773169817947.428,20.001,0,0,94.1
444,edge_only,,1773169817950.426,1773169817969.437,19.011,0,0,87.5
445,edge_only,,1773169817973.436,1773169817992.945,19.509,0,0,87.5
446,edge_only,,1773169817995.943,1773169818013.947,18.003,0,0,93.8
447,edge_only,,1773169818017.944,1773169818036.949,19.006,0,0,96.9
448,edge_only,,1773169818039.944,1773169818058.947,19.003,0,0,87.5
449,edge_only,,1773169818062.947,1773169818081.951,19.004,0,0,87.5
450,edge_only,,1773169818086.072,1773169818105.075,19.002,0,0,87.5
451,edge_only,,1773169818108.073,1773169818128.074,20.001,0,0,87.5
452,edge_only,,1773169818131.072,1773169818151.073,20.001,0,0,100.0
453,edge_only,,1773169818154.072,1773169818173.085,19.013,0,0,93.9
454,edge_only,,1773169818176.083,1773169818195.592,19.509,0,0,87.5
455,edge_only,,1773169818199.590,1773169818218.594,19.003,0,0,96.9
456,edge_only,,1773169818222.591,1773169818241.596,19.005,0,0,87.5
457,edge_only,,1773169818244.590,1773169818262.592,18.002,0,0,87.5
458,edge_only,,1773169818265.592,1773169818285.107,19.515,0,0,87.5
459,edge_only,,1773169818288.106,1773169818308.108,20.001,0,0,93.8
460,edge_only,,1773169818311.106,1773169818331.107,20.001,0,0,87.5
461,edge_only,,1773169818335.106,1773169818355.107,20.000,0,0,87.5
462,edge_only,,1773169818358.107,1773169818377.113,19.006,0,0,87.9
463,edge_only,,1773169818381.113,1773169818397.625,16.511,0,0,87.5
464,edge_only,,1773169818401.622,1773169818420.623,19.001,0,0,87.5
465,edge_only,,1773169818423.622,1773169818443.624,20.001,0,0,93.9
466,edge_only,,1773169818446.625,1773169818466.624,19.999,0,0,87.5
467,edge_only,,1773169818469.626,1773169818488.137,18.511,0,0,84.4
468,edge_only,,1773169818492.136,1773169818511.137,19.000,0,0,87.5
469,edge_only,,1773169818514.136,1773169818531.138,17.002,0,0,90.3
470,edge_only,,1773169818535.136,1773169818554.136,19.001,0,0,82.4
471,edge_only,,1773169818558.137,1773169818579.966,21.829,0,0,97.0
472,edge_only,,1773169818584.471,1773169818601.472,17.001,0,0,87.5
473,edge_only,,1773169818605.471,1773169818625.471,20.000,0,0,93.3
474,edge_only,,1773169818628.470,1773169818646.471,18.001,0,0,77.8
475,edge_only,,1773169818649.472,1773169818669.495,20.023,0,0,93.8
476,edge_only,,1773169818673.492,1773169818693.002,19.510,0,0,93.8
477,edge_only,,1773169818696.000,1773169818713.003,17.002,0,0,87.5
478,edge_only,,1773169818717.001,1773169818738.003,21.002,0,0,93.8
479,edge_only,,1773169818741.004,1773169818760.004,19.000,0,0,87.5
480,edge_only,,1773169818764.000,1773169818783.514,19.513,0,0,90.6
481,edge_only,,1773169818787.518,1773169818806.519,19.002,0,0,100.0
482,edge_only,,1773169818809.518,1773169818826.519,17.001,0,0,82.4
483,edge_only,,1773169818829.517,1773169818849.518,20.001,0,0,93.8
484,edge_only,,1773169818852.517,1773169818871.536,19.019,0,0,87.5
485,edge_only,,1773169818875.533,1773169818895.649,20.115,0,0,87.5
486,edge_only,,1773169818898.649,1773169818917.649,19.000,0,0,87.5
487,edge_only,,1773169818921.648,1773169818939.651,18.003,0,0,90.6
488,edge_only,,1773169818943.648,1773169818962.650,19.001,0,0,87.5
489,edge_only,,1773169818965.648,1773169818986.164,20.516,0,0,87.5
490,edge_only,,1773169818989.164,1773169819009.165,20.001,0,0,93.8
491,edge_only,,1773169819012.166,1773169819031.165,18.999,0,0,96.7
492,edge_only,,1773169819034.163,1773169819053.165,19.002,0,0,77.8
493,edge_only,,1773169819056.163,1773169819075.169,19.006,0,0,87.5
494,edge_only,,1773169819079.167,1773169819097.679,18.512,0,0,87.5
495,edge_only,,1773169819100.681,1773169819118.678,17.998,0,0,100.0
496,edge_only,,1773169819121.678,1773169819141.678,20.000,0,0,93.3
497,edge_only,,1773169819145.676,1773169819164.677,19.001,0,0,77.8
498,edge_only,,1773169819167.680,1773169819183.692,16.011,0,0,87.5
499,edge_only,,1773169819187.821,1773169819206.818,18.998,0,0,93.9
